fecha,usd_ars_oficial
2020-01-01,59.89
2020-01-02,59.815
2020-01-03,59.815
2020-01-04,59.815
2020-01-05,59.815
2020-01-06,59.815
2020-01-07,59.815
2020-01-08,59.815
2020-01-09,59.815
2020-01-10,59.816
2020-01-11,59.816
2020-01-12,59.816
2020-01-13,59.95
2020-01-14,60.06
2020-01-15,59.95
2020-01-16,59.975
2020-01-17,60.005
2020-01-18,60.005
2020-01-19,60.005
2020-01-20,60.005
2020-01-21,60.1
2020-01-22,60.07
2020-01-23,60.08
2020-01-24,60.091
2020-01-25,60.091
2020-01-26,60.091
2020-01-27,60.17
2020-01-28,60.18
2020-01-29,60.23
2020-01-30,60.25
2020-01-31,60.35
2020-02-01,60.35
2020-02-02,60.35
2020-02-03,60.46
2020-02-04,60.58
2020-02-05,60.59
2020-02-06,60.69
2020-02-07,60.78
2020-02-08,60.78
2020-02-09,60.78
2020-02-10,60.978
2020-02-11,61.119
2020-02-12,61.229
2020-02-13,61.389
2020-02-14,61.459
2020-02-15,61.459
2020-02-16,61.459
2020-02-17,61.459
2020-02-18,61.662
2020-02-19,61.729
2020-02-20,61.789
2020-02-21,61.839
2020-02-22,61.839
2020-02-23,61.839
2020-02-24,61.839
2020-02-25,61.839
2020-02-26,62.089
2020-02-27,62.139
2020-02-28,62.21
2020-02-29,62.21
2020-03-01,62.21
2020-03-02,62.259
2020-03-03,62.309
2020-03-04,62.359
2020-03-05,62.419
2020-03-06,62.48
2020-03-07,62.48
2020-03-08,62.48
2020-03-09,62.53
2020-03-10,62.589
2020-03-11,62.67
2020-03-12,62.819
2020-03-13,62.899
2020-03-14,62.899
2020-03-15,62.899
2020-03-16,63.039
2020-03-17,63.179
2020-03-18,63.33
2020-03-19,63.549
2020-03-20,63.77
2020-03-21,63.77
2020-03-22,63.77
2020-03-23,63.77
2020-03-24,63.77
2020-03-25,64.05
2020-03-26,64.229
2020-03-27,64.409
2020-03-28,64.409
2020-03-29,64.409
2020-03-30,64.469
2020-03-31,64.469
2020-04-01,64.53
2020-04-02,64.72
2020-04-03,64.91
2020-04-04,64.91
2020-04-05,64.91
2020-04-06,64.99
2020-04-07,65.069
2020-04-08,65.16
2020-04-09,65.16
2020-04-10,65.16
2020-04-11,65.16
2020-04-12,65.16
2020-04-13,65.38
2020-04-14,65.5
2020-04-15,65.619
2020-04-16,65.74
2020-04-17,65.86
2020-04-18,65.86
2020-04-19,65.86
2020-04-20,65.98
2020-04-21,66.09
2020-04-22,66.23
2020-04-23,66.32
2020-04-24,66.43
2020-04-25,66.43
2020-04-26,66.43
2020-04-27,66.53
2020-04-28,66.63
2020-04-29,66.75
2020-04-30,66.84
2020-05-01,66.84
2020-05-02,66.84
2020-05-03,66.84
2020-05-04,66.93
2020-05-05,67.0
2020-05-06,67.1
2020-05-07,67.19
2020-05-08,67.27
2020-05-09,67.27
2020-05-10,67.27
2020-05-11,67.37
2020-05-12,67.46
2020-05-13,67.54
2020-05-14,67.64
2020-05-15,67.73
2020-05-16,67.73
2020-05-17,67.73
2020-05-18,67.82
2020-05-19,67.9
2020-05-20,68.0
2020-05-21,68.09
2020-05-22,68.18
2020-05-23,68.18
2020-05-24,68.18
2020-05-25,68.18
2020-05-26,68.27
2020-05-27,68.36
2020-05-28,68.45
2020-05-29,68.54
2020-05-30,68.54
2020-05-31,68.54
2020-06-01,68.63
2020-06-02,68.71
2020-06-03,68.81
2020-06-04,68.9
2020-06-05,68.99
2020-06-06,68.99
2020-06-07,68.99
2020-06-08,69.08
2020-06-09,69.17
2020-06-10,69.26
2020-06-11,69.31
2020-06-12,69.37
2020-06-13,69.37
2020-06-14,69.37
2020-06-15,69.37
2020-06-16,69.61
2020-06-17,69.67
2020-06-18,69.74
2020-06-19,69.8
2020-06-20,69.8
2020-06-21,69.8
2020-06-22,69.97
2020-06-23,70.03
2020-06-24,70.1
2020-06-25,70.16
2020-06-26,70.22
2020-06-27,70.22
2020-06-28,70.22
2020-06-29,70.4
2020-06-30,70.46
2020-07-01,70.52
2020-07-02,70.58
2020-07-03,70.64
2020-07-04,70.64
2020-07-05,70.64
2020-07-06,70.82
2020-07-07,70.87
2020-07-08,70.94
2020-07-09,70.94
2020-07-10,70.94
2020-07-11,70.94
2020-07-12,70.94
2020-07-13,71.24
2020-07-14,71.3
2020-07-15,71.36
2020-07-16,71.42
2020-07-17,71.48
2020-07-18,71.48
2020-07-19,71.48
2020-07-20,71.66
2020-07-21,71.72
2020-07-22,71.78
2020-07-23,71.84
2020-07-24,71.9
2020-07-25,71.9
2020-07-26,71.9
2020-07-27,72.08
2020-07-28,72.14
2020-07-29,72.2
2020-07-30,72.26
2020-07-31,72.32
2020-08-01,72.32
2020-08-02,72.32
2020-08-03,72.52
2020-08-04,72.57
2020-08-05,72.62
2020-08-06,72.7
2020-08-07,72.77
2020-08-08,72.77
2020-08-09,72.77
2020-08-10,72.95
2020-08-11,73.0
2020-08-12,73.05
2020-08-13,73.11
2020-08-14,73.16
2020-08-15,73.16
2020-08-16,73.16
2020-08-17,73.16
2020-08-18,73.4
2020-08-19,73.48
2020-08-20,73.53
2020-08-21,73.58
2020-08-22,73.58
2020-08-23,73.58
2020-08-24,73.73
2020-08-25,73.81
2020-08-26,73.86
2020-08-27,73.94
2020-08-28,74.0
2020-08-29,74.0
2020-08-30,74.0
2020-08-31,74.18
2020-09-01,74.25
2020-09-02,74.32
2020-09-03,74.38
2020-09-04,74.44
2020-09-05,74.44
2020-09-06,74.44
2020-09-07,74.44
2020-09-08,74.71
2020-09-09,74.77
2020-09-10,74.84
2020-09-11,74.91
2020-09-12,74.91
2020-09-13,74.91
2020-09-14,75.12
2020-09-15,75.19
2020-09-16,75.25
2020-09-17,75.32
2020-09-18,75.38
2020-09-19,75.38
2020-09-20,75.38
2020-09-21,75.59
2020-09-22,75.65
2020-09-23,75.72
2020-09-24,75.78
2020-09-25,75.85
2020-09-26,75.85
2020-09-27,75.85
2020-09-28,76.06
2020-09-29,76.12
2020-09-30,76.18
2020-10-01,76.25
2020-10-02,76.95
2020-10-03,76.95
2020-10-04,76.95
2020-10-05,77.01
2020-10-06,77.08
2020-10-07,77.11
2020-10-08,77.11
2020-10-09,77.15
2020-10-10,77.15
2020-10-11,77.15
2020-10-12,77.15
2020-10-13,77.4
2020-10-14,77.48
2020-10-15,77.47
2020-10-16,77.52
2020-10-17,77.52
2020-10-18,77.52
2020-10-19,77.58
2020-10-20,77.68
2020-10-21,77.75
2020-10-22,78.08
2020-10-23,78.13
2020-10-24,78.13
2020-10-25,78.13
2020-10-26,78.26
2020-10-27,78.3
2020-10-28,78.31
2020-10-29,78.3
2020-10-30,78.32
2020-10-31,78.32
2020-11-01,78.32
2020-11-02,78.69
2020-11-03,78.93
2020-11-04,79.03
2020-11-05,79.1
2020-11-06,79.1
2020-11-07,79.1
2020-11-08,79.1
2020-11-09,79.35
2020-11-10,79.43
2020-11-11,79.43
2020-11-12,79.56
2020-11-13,79.75
2020-11-14,79.75
2020-11-15,79.75
2020-11-16,79.97
2020-11-17,80.04
2020-11-18,80.15
2020-11-19,80.28
2020-11-20,80.35
2020-11-21,80.35
2020-11-22,80.35
2020-11-23,80.35
2020-11-24,80.7
2020-11-25,80.79
2020-11-26,80.79
2020-11-27,81.07
2020-11-28,81.07
2020-11-29,81.07
2020-11-30,81.31
2020-12-01,81.43
2020-12-02,81.49
2020-12-03,81.56
2020-12-04,81.65
2020-12-05,81.65
2020-12-06,81.65
2020-12-07,81.65
2020-12-08,81.65
2020-12-09,82.04
2020-12-10,82.13
2020-12-11,82.21
2020-12-12,82.21
2020-12-13,82.21
2020-12-14,82.45
2020-12-15,82.53
2020-12-16,82.62
2020-12-17,82.71
2020-12-18,82.84
2020-12-19,82.84
2020-12-20,82.84
2020-12-21,83.15
2020-12-22,83.25
2020-12-23,83.36
2020-12-24,83.36
2020-12-25,83.36
2020-12-26,83.36
2020-12-27,83.36
2020-12-28,83.9
2020-12-29,84.02
2020-12-30,84.15
2020-12-31,84.15
2021-01-01,84.15
2021-01-02,84.15
2021-01-03,84.15
2021-01-04,84.7
2021-01-05,84.81
2021-01-06,84.91
2021-01-07,85.0
2021-01-08,85.12
2021-01-09,85.12
2021-01-10,85.12
2021-01-11,85.37
2021-01-12,85.47
2021-01-13,85.55
2021-01-14,85.64
2021-01-15,85.74
2021-01-16,85.74
2021-01-17,85.74
2021-01-18,85.74
2021-01-19,86.21
2021-01-20,86.35
2021-01-21,86.43
2021-01-22,86.57
2021-01-23,86.57
2021-01-24,86.57
2021-01-25,86.9
2021-01-26,87.02
2021-01-27,87.11
2021-01-28,87.2
2021-01-29,87.33
2021-01-30,87.33
2021-01-31,87.33
2021-02-01,87.6
2021-02-02,87.7
2021-02-03,87.8
2021-02-04,87.91
2021-02-05,88.0
2021-02-06,88.0
2021-02-07,88.0
2021-02-08,88.17
2021-02-09,88.26
2021-02-10,88.36
2021-02-11,88.45
2021-02-12,88.54
2021-02-13,88.54
2021-02-14,88.54
2021-02-15,88.54
2021-02-16,88.54
2021-02-17,88.94
2021-02-18,89.06
2021-02-19,89.14
2021-02-20,89.14
2021-02-21,89.14
2021-02-22,89.43
2021-02-23,89.53
2021-02-24,89.68
2021-02-25,89.75
2021-02-26,89.82
2021-02-27,89.82
2021-02-28,89.82
2021-03-01,90.09
2021-03-02,90.15
2021-03-03,90.23
2021-03-04,90.29
2021-03-05,90.37
2021-03-06,90.37
2021-03-07,90.37
2021-03-08,90.57
2021-03-09,90.66
2021-03-10,90.72
2021-03-11,90.78
2021-03-12,90.85
2021-03-13,90.85
2021-03-14,90.85
2021-03-15,91.06
2021-03-16,91.13
2021-03-17,91.2
2021-03-18,91.3
2021-03-19,91.36
2021-03-20,91.36
2021-03-21,91.36
2021-03-22,91.57
2021-03-23,91.64
2021-03-24,91.64
2021-03-25,91.77
2021-03-26,91.84
2021-03-27,91.84
2021-03-28,91.84
2021-03-29,91.91
2021-03-30,91.96
2021-03-31,92.0
2021-04-01,92.0
2021-04-02,92.0
2021-04-03,92.0
2021-04-04,92.0
2021-04-05,92.24
2021-04-06,92.28
2021-04-07,92.33
2021-04-08,92.38
2021-04-09,92.44
2021-04-10,92.44
2021-04-11,92.44
2021-04-12,92.58
2021-04-13,92.62
2021-04-14,92.67
2021-04-15,92.72
2021-04-16,92.81
2021-04-17,92.81
2021-04-18,92.81
2021-04-19,92.92
2021-04-20,92.97
2021-04-21,93.04
2021-04-22,93.07
2021-04-23,93.12
2021-04-24,93.12
2021-04-25,93.12
2021-04-26,93.27
2021-04-27,93.33
2021-04-28,93.44
2021-04-29,93.5
2021-04-30,93.56
2021-05-01,93.56
2021-05-02,93.56
2021-05-03,93.67
2021-05-04,93.71
2021-05-05,93.75
2021-05-06,93.79
2021-05-07,93.85
2021-05-08,93.85
2021-05-09,93.85
2021-05-10,93.93
2021-05-11,93.95
2021-05-12,93.98
2021-05-13,94.01
2021-05-14,94.04
2021-05-15,94.04
2021-05-16,94.04
2021-05-17,94.13
2021-05-18,94.16
2021-05-19,94.2
2021-05-20,94.24
2021-05-21,94.27
2021-05-22,94.27
2021-05-23,94.27
2021-05-24,94.27
2021-05-25,94.27
2021-05-26,94.48
2021-05-27,94.53
2021-05-28,94.56
2021-05-29,94.56
2021-05-30,94.56
2021-05-31,94.56
2021-06-01,94.73
2021-06-02,94.77
2021-06-03,94.81
2021-06-04,94.86
2021-06-05,94.86
2021-06-06,94.86
2021-06-07,94.98
2021-06-08,95.01
2021-06-09,95.05
2021-06-10,95.11
2021-06-11,95.13
2021-06-12,95.13
2021-06-13,95.13
2021-06-14,95.25
2021-06-15,95.3
2021-06-16,95.31
2021-06-17,95.37
2021-06-18,95.37
2021-06-19,95.37
2021-06-20,95.37
2021-06-21,95.37
2021-06-22,95.49
2021-06-23,95.53
2021-06-24,95.55
2021-06-25,95.6
2021-06-26,95.6
2021-06-27,95.6
2021-06-28,95.69
2021-06-29,95.71
2021-06-30,95.72
2021-07-01,95.76
2021-07-02,95.79
2021-07-03,95.79
2021-07-04,95.79
2021-07-05,95.79
2021-07-06,95.91
2021-07-07,95.94
2021-07-08,95.99
2021-07-09,95.99
2021-07-10,95.99
2021-07-11,95.99
2021-07-12,96.09
2021-07-13,96.12
2021-07-14,96.16
2021-07-15,96.18
2021-07-16,96.22
2021-07-17,96.22
2021-07-18,96.22
2021-07-19,96.31
2021-07-20,96.34
2021-07-21,96.36
2021-07-22,96.41
2021-07-23,96.42
2021-07-24,96.42
2021-07-25,96.42
2021-07-26,96.54
2021-07-27,96.57
2021-07-28,96.61
2021-07-29,96.64
2021-07-30,96.69
2021-07-31,96.69
2021-08-01,96.69
2021-08-02,96.79
2021-08-03,96.81
2021-08-04,96.83
2021-08-05,96.89
2021-08-06,96.9
2021-08-07,96.9
2021-08-08,96.9
2021-08-09,97.0
2021-08-10,97.03
2021-08-11,97.04
2021-08-12,97.07
2021-08-13,97.11
2021-08-14,97.11
2021-08-15,97.11
2021-08-16,97.11
2021-08-17,97.25
2021-08-18,97.25
2021-08-19,97.28
2021-08-20,97.31
2021-08-21,97.31
2021-08-22,97.31
2021-08-23,97.4
2021-08-24,97.45
2021-08-25,97.48
2021-08-26,97.53
2021-08-27,97.56
2021-08-28,97.56
2021-08-29,97.56
2021-08-30,97.71
2021-08-31,97.74
2021-09-01,97.78
2021-09-02,97.83
2021-09-03,97.86
2021-09-04,97.86
2021-09-05,97.86
2021-09-06,97.86
2021-09-07,97.99
2021-09-08,98.01
2021-09-09,98.05
2021-09-10,98.09
2021-09-11,98.09
2021-09-12,98.09
2021-09-13,98.19
2021-09-14,98.21
2021-09-15,98.25
2021-09-16,98.3
2021-09-17,98.36
2021-09-18,98.36
2021-09-19,98.36
2021-09-20,98.46
2021-09-21,98.47
2021-09-22,98.49
2021-09-23,98.54
2021-09-24,98.56
2021-09-25,98.56
2021-09-26,98.56
2021-09-27,98.63
2021-09-28,98.66
2021-09-29,98.72
2021-09-30,98.74
2021-10-01,98.79
2021-10-02,98.79
2021-10-03,98.79
2021-10-04,98.86
2021-10-05,98.89
2021-10-06,98.92
2021-10-07,98.94
2021-10-08,98.94
2021-10-09,98.94
2021-10-10,98.94
2021-10-11,98.94
2021-10-12,99.09
2021-10-13,99.12
2021-10-14,99.16
2021-10-15,99.18
2021-10-16,99.18
2021-10-17,99.18
2021-10-18,99.27
2021-10-19,99.31
2021-10-20,99.35
2021-10-21,99.37
2021-10-22,99.39
2021-10-23,99.39
2021-10-24,99.39
2021-10-25,99.48
2021-10-26,99.56
2021-10-27,99.65
2021-10-28,99.69
2021-10-29,99.72
2021-10-30,99.72
2021-10-31,99.72
2021-11-01,99.81
2021-11-02,99.86
2021-11-03,99.91
2021-11-04,99.96
2021-11-05,99.94
2021-11-06,99.94
2021-11-07,99.94
2021-11-08,100.08
2021-11-09,100.11
2021-11-10,100.15
2021-11-11,100.15
2021-11-12,100.22
2021-11-13,100.22
2021-11-14,100.22
2021-11-15,100.27
2021-11-16,100.29
2021-11-17,100.35
2021-11-18,100.41
2021-11-19,100.46
2021-11-20,100.46
2021-11-21,100.46
2021-11-22,100.46
2021-11-23,100.57
2021-11-24,100.62
2021-11-25,100.62
2021-11-26,100.8
2021-11-27,100.8
2021-11-28,100.8
2021-11-29,100.94
2021-11-30,100.96
2021-12-01,101.0
2021-12-02,101.1
2021-12-03,101.16
2021-12-04,101.16
2021-12-05,101.16
2021-12-06,101.28
2021-12-07,101.42
2021-12-08,101.42
2021-12-09,101.54
2021-12-10,101.55
2021-12-11,101.55
2021-12-12,101.55
2021-12-13,101.7
2021-12-14,101.78
2021-12-15,101.82
2021-12-16,101.9
2021-12-17,101.98
2021-12-18,101.98
2021-12-19,101.98
2021-12-20,102.13
2021-12-21,102.24
2021-12-22,102.26
2021-12-23,102.3
2021-12-24,102.3
2021-12-25,102.3
2021-12-26,102.3
2021-12-27,102.54
2021-12-28,102.62
2021-12-29,102.68
2021-12-30,102.72
2021-12-31,102.72
2022-01-01,102.72
2022-01-02,102.72
2022-01-03,103.0
2022-01-04,103.09
2022-01-05,103.14
2022-01-06,103.24
2022-01-07,103.28
2022-01-08,103.28
2022-01-09,103.28
2022-01-10,103.51
2022-01-11,103.56
2022-01-12,103.68
2022-01-13,103.77
2022-01-14,103.84
2022-01-15,103.84
2022-01-16,103.84
2022-01-17,103.84
2022-01-18,104.17
2022-01-19,104.24
2022-01-20,104.31
2022-01-21,104.34
2022-01-22,104.34
2022-01-23,104.34
2022-01-24,104.53
2022-01-25,104.62
2022-01-26,104.7
2022-01-27,104.77
2022-01-28,104.84
2022-01-29,104.84
2022-01-30,104.84
2022-01-31,105.02
2022-02-01,105.12
2022-02-02,105.2
2022-02-03,105.31
2022-02-04,105.41
2022-02-05,105.41
2022-02-06,105.41
2022-02-07,105.68
2022-02-08,105.82
2022-02-09,105.89
2022-02-10,106.01
2022-02-11,106.15
2022-02-12,106.15
2022-02-13,106.15
2022-02-14,106.36
2022-02-15,106.47
2022-02-16,106.58
2022-02-17,106.67
2022-02-18,106.78
2022-02-19,106.78
2022-02-20,106.78
2022-02-21,106.78
2022-02-22,107.19
2022-02-23,107.28
2022-02-24,107.38
2022-02-25,107.45
2022-02-26,107.45
2022-02-27,107.45
2022-02-28,107.45
2022-03-01,107.45
2022-03-02,107.93
2022-03-03,108.03
2022-03-04,108.13
2022-03-05,108.13
2022-03-06,108.13
2022-03-07,108.44
2022-03-08,108.56
2022-03-09,108.68
2022-03-10,108.77
2022-03-11,108.88
2022-03-12,108.88
2022-03-13,108.88
2022-03-14,109.2
2022-03-15,109.32
2022-03-16,109.41
2022-03-17,109.51
2022-03-18,109.7
2022-03-19,109.7
2022-03-20,109.7
2022-03-21,109.97
2022-03-22,110.07
2022-03-23,110.18
2022-03-24,110.18
2022-03-25,110.38
2022-03-26,110.38
2022-03-27,110.38
2022-03-28,110.68
2022-03-29,110.82
2022-03-30,110.89
2022-03-31,111.01
2022-04-01,111.12
2022-04-02,111.12
2022-04-03,111.12
2022-04-04,111.57
2022-04-05,111.7
2022-04-06,111.83
2022-04-07,111.97
2022-04-08,112.16
2022-04-09,112.16
2022-04-10,112.16
2022-04-11,112.58
2022-04-12,112.76
2022-04-13,112.97
2022-04-14,112.97
2022-04-15,112.97
2022-04-16,112.97
2022-04-17,112.97
2022-04-18,113.63
2022-04-19,113.78
2022-04-20,113.96
2022-04-21,114.09
2022-04-22,114.23
2022-04-23,114.23
2022-04-24,114.23
2022-04-25,114.68
2022-04-26,114.85
2022-04-27,115.04
2022-04-28,115.18
2022-04-29,115.31
2022-04-30,115.31
2022-05-01,115.31
2022-05-02,115.73
2022-05-03,115.87
2022-05-04,116.02
2022-05-05,116.16
2022-05-06,116.3
2022-05-07,116.3
2022-05-08,116.3
2022-05-09,116.75
2022-05-10,116.93
2022-05-11,117.08
2022-05-12,117.25
2022-05-13,117.43
2022-05-14,117.43
2022-05-15,117.43
2022-05-16,117.86
2022-05-17,118.07
2022-05-18,118.07
2022-05-19,118.34
2022-05-20,118.48
2022-05-21,118.48
2022-05-22,118.48
2022-05-23,118.94
2022-05-24,119.11
2022-05-25,119.11
2022-05-26,119.41
2022-05-27,119.55
2022-05-28,119.55
2022-05-29,119.55
2022-05-30,119.55
2022-05-31,120.2
2022-06-01,120.32
2022-06-02,120.46
2022-06-03,120.68
2022-06-04,120.68
2022-06-05,120.68
2022-06-06,121.11
2022-06-07,121.29
2022-06-08,121.45
2022-06-09,121.62
2022-06-10,121.79
2022-06-11,121.79
2022-06-12,121.79
2022-06-13,122.3
2022-06-14,122.5
2022-06-15,122.7
2022-06-16,122.92
2022-06-17,122.92
2022-06-18,122.92
2022-06-19,122.92
2022-06-20,122.92
2022-06-21,123.67
2022-06-22,123.85
2022-06-23,124.07
2022-06-24,124.24
2022-06-25,124.24
2022-06-26,124.24
2022-06-27,124.71
2022-06-28,124.87
2022-06-29,125.04
2022-06-30,125.23
2022-07-01,125.45
2022-07-02,125.45
2022-07-03,125.45
2022-07-04,125.45
2022-07-05,126.2
2022-07-06,126.39
2022-07-07,126.56
2022-07-08,126.8
2022-07-09,126.8
2022-07-10,126.8
2022-07-11,127.35
2022-07-12,127.59
2022-07-13,127.82
2022-07-14,128.0
2022-07-15,128.25
2022-07-16,128.25
2022-07-17,128.25
2022-07-18,128.91
2022-07-19,129.14
2022-07-20,129.38
2022-07-21,129.58
2022-07-22,129.74
2022-07-23,129.74
2022-07-24,129.74
2022-07-25,130.4
2022-07-26,130.68
2022-07-27,130.91
2022-07-28,131.12
2022-07-29,131.27
2022-07-30,131.27
2022-07-31,131.27
2022-08-01,131.89
2022-08-02,132.2
2022-08-03,132.42
2022-08-04,132.64
2022-08-05,132.89
2022-08-06,132.89
2022-08-07,132.89
2022-08-08,133.57
2022-08-09,133.85
2022-08-10,134.05
2022-08-11,134.27
2022-08-12,134.59
2022-08-13,134.59
2022-08-14,134.59
2022-08-15,134.59
2022-08-16,135.33
2022-08-17,135.53
2022-08-18,135.8
2022-08-19,136.17
2022-08-20,136.17
2022-08-21,136.17
2022-08-22,136.64
2022-08-23,136.95
2022-08-24,137.15
2022-08-25,137.4
2022-08-26,137.7
2022-08-27,137.7
2022-08-28,137.7
2022-08-29,138.32
2022-08-30,138.6
2022-08-31,138.73
2022-09-01,139.03
2022-09-02,139.03
2022-09-03,139.03
2022-09-04,139.03
2022-09-05,139.03
2022-09-06,140.56
2022-09-07,140.8
2022-09-08,141.15
2022-09-09,141.38
2022-09-10,141.38
2022-09-11,141.38
2022-09-12,142.28
2022-09-13,142.58
2022-09-14,142.88
2022-09-15,143.2
2022-09-16,143.52
2022-09-17,143.52
2022-09-18,143.52
2022-09-19,144.37
2022-09-20,144.64
2022-09-21,144.89
2022-09-22,145.16
2022-09-23,145.44
2022-09-24,145.44
2022-09-25,145.44
2022-09-26,146.27
2022-09-27,146.57
2022-09-28,146.86
2022-09-29,147.07
2022-09-30,147.32
2022-10-01,147.32
2022-10-02,147.32
2022-10-03,148.23
2022-10-04,148.59
2022-10-05,148.88
2022-10-06,149.2
2022-10-07,149.2
2022-10-08,149.2
2022-10-09,149.2
2022-10-10,149.2
2022-10-11,150.69
2022-10-12,151.04
2022-10-13,151.3
2022-10-14,151.64
2022-10-15,151.64
2022-10-16,151.64
2022-10-17,152.5
2022-10-18,152.82
2022-10-19,153.18
2022-10-20,153.51
2022-10-21,153.79
2022-10-22,153.79
2022-10-23,153.79
2022-10-24,154.74
2022-10-25,155.08
2022-10-26,155.39
2022-10-27,155.69
2022-10-28,156.02
2022-10-29,156.02
2022-10-30,156.02
2022-10-31,156.91
2022-11-01,157.28
2022-11-02,157.6
2022-11-03,157.92
2022-11-04,158.28
2022-11-05,158.28
2022-11-06,158.28
2022-11-07,159.37
2022-11-08,159.71
2022-11-09,160.02
2022-11-10,160.39
2022-11-11,160.39
2022-11-12,160.39
2022-11-13,160.39
2022-11-14,161.78
2022-11-15,162.12
2022-11-16,162.47
2022-11-17,162.78
2022-11-18,163.18
2022-11-19,163.18
2022-11-20,163.18
2022-11-21,163.18
2022-11-22,164.51
2022-11-23,164.84
2022-11-24,164.84
2022-11-25,165.59
2022-11-26,165.59
2022-11-27,165.59
2022-11-28,166.6
2022-11-29,166.96
2022-11-30,167.28
2022-12-01,167.72
2022-12-02,168.09
2022-12-03,168.09
2022-12-04,168.09
2022-12-05,169.16
2022-12-06,169.49
2022-12-07,169.9
2022-12-08,169.9
2022-12-09,169.9
2022-12-10,169.9
2022-12-11,169.9
2022-12-12,171.37
2022-12-13,171.81
2022-12-14,172.05
2022-12-15,172.39
2022-12-16,172.7
2022-12-17,172.7
2022-12-18,172.7
2022-12-19,173.6
2022-12-20,173.6
2022-12-21,174.28
2022-12-22,174.53
2022-12-23,174.84
2022-12-24,174.84
2022-12-25,174.84
2022-12-26,174.84
2022-12-27,176.05
2022-12-28,176.4
2022-12-29,176.78
2022-12-30,177.16
2022-12-31,177.16
2023-01-01,177.16
2023-01-02,177.16
2023-01-03,178.36
2023-01-04,178.66
2023-01-05,178.94
2023-01-06,179.25
2023-01-07,179.25
2023-01-08,179.25
2023-01-09,180.09
2023-01-10,180.38
2023-01-11,180.67
2023-01-12,180.97
2023-01-13,181.27
2023-01-14,181.27
2023-01-15,181.27
2023-01-16,181.27
2023-01-17,182.49
2023-01-18,182.81
2023-01-19,183.11
2023-01-20,183.45
2023-01-21,183.45
2023-01-22,183.45
2023-01-23,184.37
2023-01-24,184.69
2023-01-25,185.03
2023-01-26,185.32
2023-01-27,185.61
2023-01-28,185.61
2023-01-29,185.61
2023-01-30,186.56
2023-01-31,187.0
2023-02-01,187.29
2023-02-02,187.57
2023-02-03,188.02
2023-02-04,188.02
2023-02-05,188.02
2023-02-06,189.11
2023-02-07,189.52
2023-02-08,189.85
2023-02-09,190.21
2023-02-10,190.51
2023-02-11,190.51
2023-02-12,190.51
2023-02-13,191.65
2023-02-14,191.99
2023-02-15,192.38
2023-02-16,192.83
2023-02-17,193.19
2023-02-18,193.19
2023-02-19,193.19
2023-02-20,193.19
2023-02-21,193.19
2023-02-22,194.95
2023-02-23,195.31
2023-02-24,195.68
2023-02-25,195.68
2023-02-26,195.68
2023-02-27,196.81
2023-02-28,197.15
2023-03-01,197.57
2023-03-02,197.87
2023-03-03,198.28
2023-03-04,198.28
2023-03-05,198.28
2023-03-06,199.34
2023-03-07,199.68
2023-03-08,199.95
2023-03-09,200.36
2023-03-10,200.73
2023-03-11,200.73
2023-03-12,200.73
2023-03-13,201.86
2023-03-14,202.07
2023-03-15,202.56
2023-03-16,202.94
2023-03-17,203.34
2023-03-18,203.34
2023-03-19,203.34
2023-03-20,204.53
2023-03-21,205.02
2023-03-22,205.38
2023-03-23,205.78
2023-03-24,205.78
2023-03-25,205.78
2023-03-26,205.78
2023-03-27,207.42
2023-03-28,207.84
2023-03-29,208.3
2023-03-30,208.59
2023-03-31,209.01
2023-04-01,209.01
2023-04-02,209.01
2023-04-03,210.37
2023-04-04,210.78
2023-04-05,211.22
2023-04-06,211.22
2023-04-07,211.22
2023-04-08,211.22
2023-04-09,211.22
2023-04-10,213.39
2023-04-11,213.76
2023-04-12,214.24
2023-04-13,214.68
2023-04-14,215.1
2023-04-15,215.1
2023-04-16,215.1
2023-04-17,216.38
2023-04-18,216.94
2023-04-19,217.48
2023-04-20,217.99
2023-04-21,218.53
2023-04-22,218.53
2023-04-23,218.53
2023-04-24,220.21
2023-04-25,220.87
2023-04-26,221.57
2023-04-27,222.0
2023-04-28,222.68
2023-04-29,222.68
2023-04-30,222.68
2023-05-01,222.68
2023-05-02,224.65
2023-05-03,225.2
2023-05-04,225.7
2023-05-05,226.25
2023-05-06,226.25
2023-05-07,226.25
2023-05-08,227.65
2023-05-09,228.05
2023-05-10,228.5
2023-05-11,229.0
2023-05-12,229.2
2023-05-13,229.2
2023-05-14,229.2
2023-05-15,230.7
2023-05-16,231.1
2023-05-17,231.65
2023-05-18,232.1
2023-05-19,232.75
2023-05-20,232.75
2023-05-21,232.75
2023-05-22,234.35
2023-05-23,234.95
2023-05-24,235.75
2023-05-25,235.75
2023-05-26,235.75
2023-05-27,235.75
2023-05-28,235.75
2023-05-29,235.75
2023-05-30,238.85
2023-05-31,239.5
2023-06-01,240.25
2023-06-02,240.85
2023-06-03,240.85
2023-06-04,240.85
2023-06-05,242.5
2023-06-06,243.25
2023-06-07,243.5
2023-06-08,244.45
2023-06-09,244.95
2023-06-10,244.95
2023-06-11,244.95
2023-06-12,246.8
2023-06-13,247.1
2023-06-14,248.0
2023-06-15,248.35
2023-06-16,249.45
2023-06-17,249.45
2023-06-18,249.45
2023-06-19,249.45
2023-06-20,249.45
2023-06-21,251.85
2023-06-22,252.6
2023-06-23,253.0
2023-06-24,253.0
2023-06-25,253.0
2023-06-26,254.6
2023-06-27,255.25
2023-06-28,255.85
2023-06-29,256.2
2023-06-30,256.7
2023-07-01,256.7
2023-07-02,256.7
2023-07-03,257.9
2023-07-04,259.35
2023-07-05,259.5
2023-07-06,260.4
2023-07-07,261.0
2023-07-08,261.0
2023-07-09,261.0
2023-07-10,262.5
2023-07-11,263.2
2023-07-12,264.05
2023-07-13,264.35
2023-07-14,265.05
2023-07-15,265.05
2023-07-16,265.05
2023-07-17,266.75
2023-07-18,267.65
2023-07-19,267.95
2023-07-20,268.7
2023-07-21,269.45
2023-07-22,269.45
2023-07-23,269.45
2023-07-24,271.0
2023-07-25,271.6
2023-07-26,272.5
2023-07-27,273.1
2023-07-28,273.7
2023-07-29,273.7
2023-07-30,273.7
2023-07-31,275.25
2023-08-01,276.15
2023-08-02,277.4
2023-08-03,278.1
2023-08-04,279.35
2023-08-05,279.35
2023-08-06,279.35
2023-08-07,283.2
2023-08-08,284.2
2023-08-09,285.15
2023-08-10,286.2
2023-08-11,287.35
2023-08-12,287.35
2023-08-13,287.35
2023-08-14,349.9501
2023-08-15,350.0
2023-08-16,349.9501
2023-08-17,349.9501
2023-08-18,349.9501
2023-08-19,349.9501
2023-08-20,349.9501
2023-08-21,349.9501
2023-08-22,349.9501
2023-08-23,349.9501
2023-08-24,350.0
2023-08-25,350.1
2023-08-26,350.1
2023-08-27,350.1
2023-08-28,349.9501
2023-08-29,350.0
2023-08-30,350.0
2023-08-31,350.0
2023-09-01,350.1
2023-09-02,350.1
2023-09-03,350.1
2023-09-04,350.1
2023-09-05,350.0
2023-09-06,350.0
2023-09-07,349.9501
2023-09-08,349.9501
2023-09-09,349.9501
2023-09-10,349.9501
2023-09-11,349.9501
2023-09-12,349.9501
2023-09-13,350.05
2023-09-14,350.0
2023-09-15,350.0
2023-09-16,350.0
2023-09-17,350.0
2023-09-18,350.0
2023-09-19,349.9501
2023-09-20,350.1
2023-09-21,350.0
2023-09-22,350.05
2023-09-23,350.05
2023-09-24,350.05
2023-09-25,350.05
2023-09-26,350.0
2023-09-27,350.0
2023-09-28,350.05
2023-09-29,349.9501
2023-09-30,349.9501
2023-10-01,349.9501
2023-10-02,350.05
2023-10-03,350.05
2023-10-04,350.0
2023-10-05,350.0
2023-10-06,350.1
2023-10-07,350.1
2023-10-08,350.1
2023-10-09,350.1
2023-10-10,350.1
2023-10-11,350.1
2023-10-12,349.9501
2023-10-13,349.9501
2023-10-14,349.9501
2023-10-15,349.9501
2023-10-16,349.9501
2023-10-17,350.1
2023-10-18,350.1
2023-10-19,349.9501
2023-10-20,349.9501
2023-10-21,349.9501
2023-10-22,349.9501
2023-10-23,349.9501
2023-10-24,349.9501
2023-10-25,350.1
2023-10-26,349.9501
2023-10-27,349.9501
2023-10-28,349.9501
2023-10-29,349.9501
2023-10-30,349.9501
2023-10-31,350.0
2023-11-01,349.9501
2023-11-02,350.1
2023-11-03,350.1
2023-11-04,350.1
2023-11-05,350.1
2023-11-06,350.1
2023-11-07,350.0
2023-11-08,349.9501
2023-11-09,349.9501
2023-11-10,349.9501
2023-11-11,349.9501
2023-11-12,349.9501
2023-11-13,349.9501
2023-11-14,350.1
2023-11-15,352.9501
2023-11-16,353.4501
2023-11-17,353.9501
2023-11-18,353.9501
2023-11-19,353.9501
2023-11-20,353.9501
2023-11-21,355.9501
2023-11-22,356.4501
2023-11-23,356.95
2023-11-24,357.6
2023-11-25,357.6
2023-11-26,357.6
2023-11-27,359.0
2023-11-28,359.5
2023-11-29,360.0
2023-11-30,360.5
2023-12-01,361.1
2023-12-02,361.1
2023-12-03,361.1
2023-12-04,362.4501
2023-12-05,363.1
2023-12-06,363.7001
2023-12-07,385.0
2023-12-08,385.0
2023-12-09,385.0
2023-12-10,385.0
2023-12-11,365.9501
2023-12-12,366.4501
2023-12-13,799.9501
2023-12-14,800.5001
2023-12-15,801.1001
2023-12-16,801.1001
2023-12-17,801.1001
2023-12-18,802.6001
2023-12-19,803.1501
2023-12-20,803.7001
2023-12-21,804.2001
2023-12-22,804.7501
2023-12-23,804.7501
2023-12-24,804.7501
2023-12-25,804.7501
2023-12-26,806.8501
2023-12-27,807.4001
2023-12-28,807.9501
2023-12-29,808.4501
2023-12-30,808.4501
2023-12-31,808.4501
2024-01-01,808.4501
2024-01-02,810.7001
2024-01-03,811.1001
2024-01-04,811.7001
2024-01-05,812.2001
2024-01-06,812.2001
2024-01-07,812.2001
2024-01-08,813.8001
2024-01-09,814.4001
2024-01-10,814.9001
2024-01-11,815.4001
2024-01-12,816.0001
2024-01-13,816.0001
2024-01-14,816.0001
2024-01-15,817.6
2024-01-16,818.1001
2024-01-17,818.6001
2024-01-18,819.2001
2024-01-19,819.7001
2024-01-20,819.7001
2024-01-21,819.7001
2024-01-22,821.4001
2024-01-23,821.9001
2024-01-24,822.4001
2024-01-25,823.0001
2024-01-26,823.5001
2024-01-27,823.5001
2024-01-28,823.5001
2024-01-29,825.2001
2024-01-30,825.7001
2024-01-31,826.4001
2024-02-01,826.9001
2024-02-02,827.3001
2024-02-03,827.3001
2024-02-04,827.3001
2024-02-05,829.0001
2024-02-06,829.5001
2024-02-07,830.2001
2024-02-08,830.6001
2024-02-09,831.3001
2024-02-10,831.3001
2024-02-11,831.3001
2024-02-12,831.3001
2024-02-13,831.3001
2024-02-14,833.9001
2024-02-15,834.5001
2024-02-16,835.0001
2024-02-17,835.0001
2024-02-18,835.0001
2024-02-19,835.0001
2024-02-20,837.2001
2024-02-21,837.9001
2024-02-22,838.3001
2024-02-23,838.9001
2024-02-24,838.9001
2024-02-25,838.9001
2024-02-26,840.6001
2024-02-27,841.1001
2024-02-28,841.7001
2024-02-29,842.2001
2024-03-01,842.5001
2024-03-02,842.5001
2024-03-03,842.5001
2024-03-04,844.0001
2024-03-05,845.0001
2024-03-06,845.5001
2024-03-07,846.0001
2024-03-08,846.5001
2024-03-09,846.5001
2024-03-10,846.5001
2024-03-11,848.0001
2024-03-12,848.5001
2024-03-13,849.5001
2024-03-14,850.0001
2024-03-15,850.5001
2024-03-16,850.5001
2024-03-17,850.5001
2024-03-18,852.5001
2024-03-19,853.0001
2024-03-20,853.0001
2024-03-21,854.0001
2024-03-22,854.5001
2024-03-23,854.5001
2024-03-24,854.5001
2024-03-25,856.0
2024-03-26,856.5
2024-03-27,858.0001
2024-03-28,858.0001
2024-03-29,858.0001
2024-03-30,858.0001
2024-03-31,858.0001
2024-04-01,858.0001
2024-04-02,858.0001
2024-04-03,861.0001
2024-04-04,861.5001
2024-04-05,862.5001
2024-04-06,862.5001
2024-04-07,862.5001
2024-04-08,864.0001
2024-04-09,864.5001
2024-04-10,865.0001
2024-04-11,865.5001
2024-04-12,866.5001
2024-04-13,866.5001
2024-04-14,866.5001
2024-04-15,868.0001
2024-04-16,868.5001
2024-04-17,869.5001
2024-04-18,870.0001
2024-04-19,871.5001
2024-04-20,871.5001
2024-04-21,871.5001
2024-04-22,872.0001
2024-04-23,872.5001
2024-04-24,873.0001
2024-04-25,874.0001
2024-04-26,875.0001
2024-04-27,875.0001
2024-04-28,875.0001
2024-04-29,876.5001
2024-04-30,876.5001
2024-05-01,876.5001
2024-05-02,878.0001
2024-05-03,878.5001
2024-05-04,878.5001
2024-05-05,878.5001
2024-05-06,880.0001
2024-05-07,880.5
2024-05-08,881.5
2024-05-09,882.0
2024-05-10,882.5
2024-05-11,882.5
2024-05-12,882.5
2024-05-13,884.5
2024-05-14,885.0
2024-05-15,885.5
2024-05-16,886.0
2024-05-17,886.5
2024-05-18,886.5
2024-05-19,886.5
2024-05-20,888.5
2024-05-21,889.0
2024-05-22,889.5
2024-05-23,890.0
2024-05-24,890.5
2024-05-25,890.5
2024-05-26,890.5
2024-05-27,893.5
2024-05-28,893.5
2024-05-29,893.5
2024-05-30,894.0
2024-05-31,895.5
2024-06-01,895.5
2024-06-02,895.5
2024-06-03,897.0
2024-06-04,897.0
2024-06-05,898.5
2024-06-06,898.75
2024-06-07,899.5
2024-06-08,899.5
2024-06-09,899.5
2024-06-10,902.0
2024-06-11,902.0
2024-06-12,902.5
2024-06-13,903.0
2024-06-14,903.5
2024-06-15,903.5
2024-06-16,903.5
2024-06-17,903.5
2024-06-18,905.0
2024-06-19,907.5
2024-06-20,907.5
2024-06-21,907.5
2024-06-22,907.5
2024-06-23,907.5
2024-06-24,908.5
2024-06-25,909.0
2024-06-26,911.0
2024-06-27,911.5
2024-06-28,912.0
2024-06-29,912.0
2024-06-30,912.0
2024-07-01,914.0
2024-07-02,914.5
2024-07-03,915.5
2024-07-04,916.0
2024-07-05,918.0
2024-07-06,918.0
2024-07-07,918.0
2024-07-08,918.5
2024-07-09,918.5
2024-07-10,919.5
2024-07-11,920.0
2024-07-12,920.0
2024-07-13,920.0
2024-07-14,920.0
2024-07-15,923.0
2024-07-16,923.5
2024-07-17,924.0
2024-07-18,925.5
2024-07-19,927.5
2024-07-20,927.5
2024-07-21,927.5
2024-07-22,926.5
2024-07-23,926.0
2024-07-24,928.0
2024-07-25,930.0
2024-07-26,931.5
2024-07-27,931.5
2024-07-28,931.5
2024-07-29,932.0
2024-07-30,932.5
2024-07-31,933.0
2024-08-01,933.0
2024-08-02,935.0
2024-08-03,935.0
2024-08-04,935.0
2024-08-05,935.5
2024-08-06,936.5
2024-08-07,936.5
2024-08-08,937.0
2024-08-09,939.0
2024-08-10,939.0
2024-08-11,939.0
2024-08-12,939.5
2024-08-13,940.5
2024-08-14,941.0
2024-08-15,941.5
2024-08-16,944.0
2024-08-17,944.0
2024-08-18,944.0
2024-08-19,944.0
2024-08-20,944.5
2024-08-21,945.0
2024-08-22,946.0
2024-08-23,948.5
2024-08-24,948.5
2024-08-25,948.5
2024-08-26,950.5
2024-08-27,950.0
2024-08-28,949.5
2024-08-29,951.0
2024-08-30,953.5
2024-08-31,953.5
2024-09-01,953.5
2024-09-02,953.5
2024-09-03,955.0
2024-09-04,954.5
2024-09-05,954.5
2024-09-06,958.0
2024-09-07,958.0
2024-09-08,958.0
2024-09-09,958.5
2024-09-10,958.0
2024-09-11,958.5
2024-09-12,960.5
2024-09-13,962.0
2024-09-14,962.0
2024-09-15,962.0
2024-09-16,962.0
2024-09-17,962.0
2024-09-18,963.5
2024-09-19,963.5
2024-09-20,965.5
2024-09-21,965.5
2024-09-22,965.5
2024-09-23,966.0
2024-09-24,966.5
2024-09-25,969.0
2024-09-26,968.5
2024-09-27,970.0
2024-09-28,970.0
2024-09-29,970.0
2024-09-30,970.5
2024-10-01,971.0
2024-10-02,971.5
2024-10-03,973.5
2024-10-04,974.5
2024-10-05,974.5
2024-10-06,974.5
2024-10-07,975.5
2024-10-08,975.5
2024-10-09,976.0
2024-10-10,979.0
2024-10-11,979.0
2024-10-12,979.0
2024-10-13,979.0
2024-10-14,980.0
2024-10-15,980.5
2024-10-16,981.0
2024-10-17,981.5
2024-10-18,984.5
2024-10-19,984.5
2024-10-20,984.5
2024-10-21,984.0
2024-10-22,984.5
2024-10-23,985.5
2024-10-24,987.0
2024-10-25,988.0
2024-10-26,988.0
2024-10-27,988.0
2024-10-28,988.5
2024-10-29,989.0
2024-10-30,990.0
2024-10-31,992.0
2024-11-01,993.0
2024-11-02,993.0
2024-11-03,993.0
2024-11-04,993.0
2024-11-05,994.5
2024-11-06,994.5
2024-11-07,995.0
2024-11-08,997.0
2024-11-09,997.0
2024-11-10,997.0
2024-11-11,998.0
2024-11-12,998.5
2024-11-13,999.0
2024-11-14,999.5
2024-11-15,1002.5
2024-11-16,1002.5
2024-11-17,1002.5
2024-11-18,1002.5
2024-11-19,1003.0
2024-11-20,1003.5
2024-11-21,1005.0
2024-11-22,1007.0
2024-11-23,1007.0
2024-11-24,1007.0
2024-11-25,1007.0
2024-11-26,1008.0
2024-11-27,1008.5
2024-11-28,1009.0
2024-11-29,1011.5
2024-11-30,1011.5
2024-12-01,1011.5
2024-12-02,1012.5
2024-12-03,1012.5
2024-12-04,1013.0
2024-12-05,1014.5
2024-12-06,1015.5
2024-12-07,1015.5
2024-12-08,1015.5
2024-12-09,1016.5
2024-12-10,1017.0
2024-12-11,1018.0
2024-12-12,1019.0
2024-12-13,1020.5
2024-12-14,1020.5
2024-12-15,1020.5
2024-12-16,1022.5
2024-12-17,1022.5
2024-12-18,1022.5
2024-12-19,1023.0
2024-12-20,1025.0
2024-12-21,1025.0
2024-12-22,1025.0
2024-12-23,1028.0
2024-12-24,1028.0
2024-12-25,1028.0
2024-12-26,1029.5
2024-12-27,1031.5
2024-12-28,1031.5
2024-12-29,1031.5
2024-12-30,1032.0
2024-12-31,1032.0
2025-01-01,1032.0
2025-01-02,1032.5
2025-01-03,1035.5
2025-01-04,1035.5
2025-01-05,1035.5
2025-01-06,1035.5
2025-01-07,1036.0
2025-01-08,1036.5
2025-01-09,1037.5
2025-01-10,1039.5
2025-01-11,1039.5
2025-01-12,1039.5
2025-01-13,1040.0
2025-01-14,1041.0
2025-01-15,1042.0
2025-01-16,1042.0
2025-01-17,1044.0
2025-01-18,1044.0
2025-01-19,1044.0
2025-01-20,1046.5
2025-01-21,1047.0
2025-01-22,1048.0
2025-01-23,1048.0
2025-01-24,1049.0
2025-01-25,1049.0
2025-01-26,1049.0
2025-01-27,1050.5
2025-01-28,1051.5
2025-01-29,1051.5
2025-01-30,1053.0
2025-01-31,1053.5
2025-02-01,1053.5
2025-02-02,1053.5
2025-02-03,1054.25
2025-02-04,1054.25
2025-02-05,1054.5
2025-02-06,1054.75
2025-02-07,1055.8
2025-02-08,1055.8
2025-02-09,1055.8
2025-02-10,1056.5
2025-02-11,1056.5
2025-02-12,1056.75
2025-02-13,1057.5
2025-02-14,1058.25
2025-02-15,1058.25
2025-02-16,1058.25
2025-02-17,1059.25
2025-02-18,1059.0
2025-02-19,1059.25
2025-02-20,1061.0
2025-02-21,1061.0
2025-02-22,1061.0
2025-02-23,1061.0
2025-02-24,1061.0
2025-02-25,1061.5
2025-02-26,1061.75
2025-02-27,1062.5
2025-02-28,1064.75
2025-03-01,1064.75
2025-03-02,1064.75
2025-03-03,1064.75
2025-03-04,1064.75
2025-03-05,1064.25
2025-03-06,1064.5
2025-03-07,1066.5
2025-03-08,1066.5
2025-03-09,1066.5
2025-03-10,1066.0
2025-03-11,1066.5
2025-03-12,1066.75
2025-03-13,1067.0
2025-03-14,1068.5
2025-03-15,1068.5
2025-03-16,1068.5
2025-03-17,1068.5
2025-03-18,1069.0
2025-03-19,1069.75
2025-03-20,1069.5
2025-03-21,1071.5
2025-03-22,1071.5
2025-03-23,1071.5
2025-03-24,1071.5
2025-03-25,1071.75
2025-03-26,1071.75
2025-03-27,1072.5
2025-03-28,1073.5
2025-03-29,1073.5
2025-03-30,1073.5
2025-03-31,1074.0
2025-04-01,1074.75
2025-04-02,1074.75
2025-04-03,1075.0
2025-04-04,1076.0
2025-04-05,1076.0
2025-04-06,1076.0
2025-04-07,1076.5
2025-04-08,1076.5
2025-04-09,1077.5
2025-04-10,1077.5
2025-04-11,1078.0
2025-04-12,1078.0
2025-04-13,1078.0
2025-04-14,1198.0
2025-04-15,1200.0
2025-04-16,1135.0
2025-04-17,1135.0
2025-04-18,1135.0
2025-04-19,1135.0
2025-04-20,1135.0
2025-04-21,1094.0
2025-04-22,1104.0
2025-04-23,1160.0
2025-04-24,1174.0
2025-04-25,1169.5
2025-04-26,1169.5
2025-04-27,1169.5
2025-04-28,1178.0
2025-04-29,1165.0
2025-04-30,1170.0
2025-05-01,1170.0
2025-05-02,1170.0
2025-05-03,1170.0
2025-05-04,1170.0
2025-05-05,1200.0
2025-05-06,1194.0
2025-05-07,1124.0
2025-05-08,1114.0
2025-05-09,1136.0
2025-05-10,1136.0
2025-05-11,1136.0
2025-05-12,1132.0
2025-05-13,1125.5
2025-05-14,1132.0
2025-05-15,1138.0
2025-05-16,1142.0
2025-05-17,1142.0
2025-05-18,1142.0
2025-05-19,1141.0
2025-05-20,1142.5
2025-05-21,1146.0
2025-05-22,1135.5
2025-05-23,1133.5
2025-05-24,1133.5
2025-05-25,1133.5
2025-05-26,1138.0
2025-05-27,1156.0
2025-05-28,1160.0
2025-05-29,1183.0
2025-05-30,1188.0
2025-05-31,1188.0
2025-06-01,1188.0
2025-06-02,1180.5
2025-06-03,1184.0
2025-06-04,1185.5
2025-06-05,1191.0
2025-06-06,1185.5
2025-06-07,1185.5
2025-06-08,1185.5
2025-06-09,1185.5
2025-06-10,1188.5
2025-06-11,1182.0
2025-06-12,1185.0
2025-06-13,1182.0
2025-06-14,1182.0
2025-06-15,1182.0
2025-06-16,1182.0
2025-06-17,1160.0
2025-06-18,1142.5
2025-06-19,1162.0
2025-06-20,1162.0
2025-06-21,1162.0
2025-06-22,1162.0
2025-06-23,1162.0
2025-06-24,1162.0
2025-06-25,1191.5
2025-06-26,1189.5
2025-06-27,1189.0
2025-06-28,1189.0
2025-06-29,1189.0
2025-06-30,1205.0
2025-07-01,1222.0
2025-07-02,1229.0
2025-07-03,1231.0
2025-07-04,1240.0
2025-07-05,1240.0
2025-07-06,1240.0
2025-07-07,1264.0
2025-07-08,1255.0
2025-07-09,1255.0
2025-07-10,1255.0
2025-07-11,1261.5
2025-07-12,1261.5
2025-07-13,1261.5
2025-07-14,1280.0
2025-07-15,1260.0
2025-07-16,1261.0
2025-07-17,1274.0
2025-07-18,1286.0
2025-07-19,1286.0
2025-07-20,1286.0
2025-07-21,1275.0
2025-07-22,1256.5
2025-07-23,1258.5
2025-07-24,1272.0
2025-07-25,1280.0
2025-07-26,1280.0
2025-07-27,1280.0
2025-07-28,1295.0
2025-07-29,1291.0
2025-07-30,1315.0
2025-07-31,1357.0
2025-08-01,1364.0
2025-08-02,1364.0
2025-08-03,1364.0
2025-08-04,1360.0
2025-08-05,1340.0
2025-08-06,1332.0
2025-08-07,1326.5
2025-08-08,1328.0
2025-08-09,1328.0
2025-08-10,1328.0
2025-08-11,1322.0
2025-08-12,1317.5
2025-08-13,1313.0
2025-08-14,1300.0
2025-08-15,1300.0
2025-08-16,1300.0
2025-08-17,1300.0
2025-08-18,1293.0
2025-08-19,1292.5
2025-08-20,1292.5
2025-08-21,1315.0
2025-08-22,1321.0
2025-08-23,1321.0
2025-08-24,1321.0
2025-08-25,1362.0
2025-08-26,1356.5
2025-08-27,1349.5
2025-08-28,1333.0
2025-08-29,1342.0
2025-08-30,1342.0
2025-08-31,1342.0
2025-09-01,1372.0
2025-09-02,1361.0
2025-09-03,1361.5
2025-09-04,1362.5
2025-09-05,1355.0
2025-09-06,1355.0
2025-09-07,1355.0
2025-09-08,1409.0
2025-09-09,1416.5
2025-09-10,1423.5
2025-09-11,1432.0
2025-09-12,1453.0
2025-09-13,1453.0
2025-09-14,1453.0
2025-09-15,1467.0
2025-09-16,1469.0
2025-09-17,1474.5
2025-09-18,1474.5
2025-09-19,1475.0
2025-09-20,1475.0
2025-09-21,1475.0
2025-09-22,1475.0
2025-09-23,1369.0
2025-09-24,1337.5
2025-09-25,1337.0
2025-09-26,1326.0
2025-09-27,1326.0
2025-09-28,1326.0
2025-09-29,1360.0
2025-09-30,1380.0
2025-10-01,1423.0
2025-10-02,1425.0
2025-10-03,1424.5
2025-10-04,1424.5
2025-10-05,1424.5
2025-10-06,1430.0
2025-10-07,1429.5
2025-10-08,1430.0
2025-10-09,1420.0
2025-10-10,1420.0
2025-10-11,1420.0
2025-10-12,1420.0
2025-10-13,1349.0
2025-10-14,1360.0
2025-10-15,1380.0
2025-10-16,1402.0
2025-10-17,1450.0
2025-10-18,1450.0
2025-10-19,1450.0
2025-10-20,1475.0
2025-10-21,1490.5
2025-10-22,1489.0
2025-10-23,1479.0
2025-10-24,1492.0
2025-10-25,1492.0
2025-10-26,1492.0
2025-10-27,1435.0
2025-10-28,1470.0
2025-10-29,1436.0
2025-10-30,1430.0
2025-10-31,1445.0
2025-11-01,1445.0
2025-11-02,1445.0
2025-11-03,1482.0
2025-11-04,1454.0
2025-11-05,1452.0
2025-11-06,1452.0
2025-11-07,1415.0
2025-11-08,1415.0
2025-11-09,1415.0
2025-11-10,1420.5
2025-11-11,1413.0
2025-11-12,1412.0
2025-11-13,1406.0
2025-11-14,1403.0
2025-11-15,1403.0
2025-11-16,1403.0
2025-11-17,1387.0
2025-11-18,1400.0
2025-11-19,1406.5
2025-11-20,1425.0
2025-11-21,1425.0
2025-11-22,1425.0
2025-11-23,1425.0
2025-11-24,1425.0
2025-11-25,1447.5
2025-11-26,1453.5
2025-11-27,1450.0
2025-11-28,1451.5
2025-11-29,1451.5
2025-11-30,1451.5
2025-12-01,1451.5
2025-12-02,1455.0
2025-12-03,1453.0
2025-12-04,1444.0
2025-12-05,1437.0
2025-12-06,1437.0
2025-12-07,1437.0
2025-12-08,1437.0
2025-12-09,1442.0
2025-12-10,1437.0
2025-12-11,1436.0
2025-12-12,1441.0
2025-12-13,1441.0
2025-12-14,1441.0
2025-12-15,1438.5
2025-12-16,1451.0
2025-12-17,1451.5
2025-12-18,1451.0
2025-12-19,1450.0
2025-12-20,1450.0
2025-12-21,1450.0
2025-12-22,1452.0
2025-12-23,1451.0
2025-12-24,1451.0
2025-12-25,1451.0
2025-12-26,1452.5
2025-12-27,1452.5
2025-12-28,1452.5
2025-12-29,1457.0
2025-12-30,1455.0
2025-12-31,1455.0
2026-01-01,1455.0
2026-01-02,1475.0
2026-01-03,1475.0
2026-01-04,1475.0
2026-01-05,1470.0
2026-01-06,1467.5
2026-01-07,1460.0
2026-01-08,1464.0
2026-01-09,1465.0
2026-01-10,1465.0
2026-01-11,1465.0
2026-01-12,1467.5
2026-01-13,1457.0
2026-01-14,1453.0
2026-01-15,1441.0
2026-01-16,1430.0
2026-01-17,1430.0
2026-01-18,1430.0
2026-01-19,1434.5
2026-01-20,1434.5
2026-01-21,1430.5
2026-01-22,1429.5
2026-01-23,1433.0
2026-01-24,1433.0
2026-01-25,1433.0
2026-01-26,1437.5
2026-01-27,1442.5
2026-01-28,1444.5
2026-01-29,1444.5
2026-01-30,1447.0
2026-01-31,1447.0
2026-02-01,1447.0
2026-02-02,1451.0
2026-02-03,1446.0
2026-02-04,1447.5
2026-02-05,1442.0
2026-02-06,1432.0
2026-02-07,1432.0
2026-02-08,1432.0
2026-02-09,1416.0
2026-02-10,1406.0
2026-02-11,1406.0
2026-02-12,1395.0
2026-02-13,1399.5
2026-02-14,1399.5
2026-02-15,1399.5
2026-02-16,1399.5
2026-02-17,1399.5
2026-02-18,1396.0
2026-02-19,1389.0
2026-02-20,1376.0
2026-02-21,1376.0
2026-02-22,1376.0
2026-02-23,1370.5
2026-02-24,1380.5
2026-02-25,1399.0
2026-02-26,1408.0
2026-02-27,1397.0
2026-02-28,1397.0
2026-03-01,1397.0
2026-03-02,1395.0
2026-03-03,1415.0
2026-03-04,1400.5
2026-03-05,1407.0
2026-03-06,1416.0
2026-03-07,1416.0
2026-03-08,1416.0
2026-03-09,1416.0
2026-03-10,1400.0
2026-03-11,1396.0
2026-03-12,1394.5
2026-03-13,1400.0
2026-03-14,1400.0
2026-03-15,1400.0
2026-03-16,1396.0
2026-03-17,1396.0
2026-03-18,1394.0
2026-03-19,1394.5
2026-03-20,1390.5
2026-03-21,1390.5
2026-03-22,1390.5
2026-03-23,1390.5
2026-03-24,1390.5
2026-03-25,1377.5
2026-03-26,1368.0
2026-03-27,1382.5
2026-03-28,1382.5
2026-03-29,1382.5
2026-03-30,1398.0
2026-03-31,1382.0
2026-04-01,1394.0
2026-04-02,1394.0
2026-04-03,1394.0
2026-04-04,1394.0
2026-04-05,1394.0
2026-04-06,1393.0
2026-04-07,1392.5
2026-04-08,1387.5
2026-04-09,1381.0
2026-04-10,1370.0
2026-04-11,1370.0
2026-04-12,1370.0
2026-04-13,1354.0
2026-04-14,1364.0
2026-04-15,1359.0
2026-04-16,1358.0
2026-04-17,1364.5
2026-04-18,1364.5
2026-04-19,1364.5
2026-04-20,1377.0
2026-04-21,1375.5
2026-04-22,1378.0
2026-04-23,1378.0
2026-04-24,1399.5
2026-04-25,1399.5
2026-04-26,1399.5
2026-04-27,1417.0
2026-04-28,1404.5
2026-04-29,1391.5
2026-04-30,1391.5
2026-05-01,1391.5
2026-05-02,1391.5
2026-05-03,1391.5
2026-05-04,1402.5
2026-05-05,1393.0
2026-05-06,1388.0
2026-05-07,1396.0
2026-05-08,1398.0
2026-05-09,1398.0
2026-05-10,1398.0
2026-05-11,1391.5
2026-05-12,1384.0
2026-05-13,1389.0
2026-05-14,1396.0
2026-05-15,1394.5
2026-05-16,1394.5
2026-05-17,1394.5
2026-05-18,1397.0
2026-05-19,1398.0
2026-05-20,1397.0
2026-05-21,1389.5
2026-05-22,1403.0
2026-05-23,1403.0
2026-05-24,1403.0
2026-05-25,1403.0
2026-05-26,1411.0
2026-05-27,1412.5
2026-05-28,1410.0
2026-05-29,1408.0
2026-05-30,1408.0
2026-05-31,1408.0
2026-06-01,1426.0
2026-06-02,1426.0
2026-06-03,1438.5
2026-06-04,1436.5
2026-06-05,1441.5
2026-06-06,1441.5
2026-06-07,1441.5
2026-06-08,1446.5
2026-06-09,1441.0
2026-06-10,1431.0
2026-06-11,1432.5
2026-06-12,1428.0
2026-06-13,1428.0
2026-06-14,1428.0
2026-06-15,1428.0
2026-06-16,1436.5
2026-06-17,1441.5
2026-06-18,1451.0
2026-06-19,1461.0
2026-06-20,1461.0
2026-06-21,1461.0
2026-06-22,1461.5
2026-06-23,1471.5
2026-06-24,1479.0
2026-06-25,1477.0
2026-06-26,1477.0
2026-06-27,1477.0
2026-06-28,1477.0
2026-06-29,1481.5
2026-06-30,1482.0
2026-07-01,1489.0
2026-07-02,1488.0
2026-07-03,1488.5
2026-07-04,1488.5
2026-07-05,1488.5
2026-07-06,1486.5
2026-07-07,1492.0
2026-07-08,1488.0
